{"accuracy": [0.9940187372211542, 0.993826740355558, 0.994193782099244, 0.9937808880864714, 0.9941482819260861, 0.9938320874104617, 0.9941780682327686, 0.9939508609172719, 0.9937931221817786, 0.994889128708436], "macro_f1": [0.5991992909879513, 0.596951180815048, 0.45126854547437045, 0.44708127035860123, 0.6024684596301678, 0.8956498412454328, 0.9035739300082734, 0.5988712959772196, 0.8937764253538052, 0.6130200015284406], "macro_precision": [0.6571016944818726, 0.6572934360506842, 0.4934163092603726, 0.49206133254311113, 0.6480065117926377, 0.9817370107648811, 0.9771058689688676, 0.6542188541569053, 0.9874570981645231, 0.6472629686481634], "macro_recall": [0.5592924316273044, 0.5560123976123515, 0.42186596936819876, 0.4165350995859647, 0.5687521444543182, 0.8363059902078799, 0.8501938599222312, 0.5602111162685518, 0.8310119354751533, 0.5857054560002094], "cls_0_precision": [0.9942395957418323, 0.9940401959500892, 0.9944189235515941, 0.9940373122301961, 0.994753503958907, 0.9941370049551764, 0.9946316854442968, 0.9942900503354553, 0.9939482872381371, 0.9956553172444659], "cls_1_precision": [0.9770654877037855, 0.9778401122019635, 0.9792463134898962, 0.9742080179422484, 0.9492660314190059, 0.9693370165745856, 0.9595800524934384, 0.9683665121352605, 0.9809659090909091, 0.946133588700024], "cls_2_precision": [0.0, 0.0, 0.0, 0.0, 0.0, 0.0, 0.0], "cls_0_recall": [0.9997031483533363, 0.999708971978159, 0.9997001643926261, 0.999665523008224, 0.9993135871796022, 0.9996161998250425, 0.9994674744456893, 0.9995823323116008, 0.9997684048973723, 0.9991570277628069], "cls_1_recall": [0.6781741465285769, 0.6683282208588958, 0.6877637130801688, 0.6664748753356349, 0.7069428461833525, 0.6729957805907173, 0.700920245398773, 0.6810510164940544, 0.6622554660529344, 0.7579593402378213], "cls_2_recall": [0.0, 0.0, 0.0, 0.0, 0.0, 0.0, 0.0], "cls_0_f1": [0.9969638867756959, 0.9968665250211605, 0.9970525505320017, 0.9968434734170948, 0.9970283315122471, 0.9968690734802248, 0.9970437164313484, 0.9969291677424907, 0.9968498509366006, 0.9974030990374567], "cls_1_f1": [0.8006339861881581, 0.7939870174239836, 0.80802163136548, 0.7914816080173102, 0.8103770473782566, 0.7944306090106407, 0.8101041435851983, 0.7996847201891679, 0.7907029997710099, 0.841656905547865], "cls_2_f1": [0.0, 0.0, 0.0, 0.0, 0.0, 0.0, 0.0], "accuracy_orig": [0.9970459549090098, 0.9970348075690438, 0.9971128389488059, 0.9971574283086698, 0.9971016916088399, 0.9969066131594349, 0.9970236602290778, 0.9969623498592648, 0.9970348075690438, 0.9971295599587549], "macro_f1_orig": [0.8993133157493202, 0.9026161183405721, 0.9069524209278024, 0.9057539842565058, 0.9030067641683399, 0.880208558094633, 0.892666275723323, 0.8988058744725591, 0.9022475123687075, 0.9085190296463899], "macro_precision_orig": [0.9504773930741307, 0.9538604296931461, 0.9472450085757419, 0.9465499141406669, 0.9534395958846382, 0.9561141663245131, 0.9535918849842101, 0.9517205582455172, 0.9511755156362287, 0.950107898073075], "macro_recall_orig": [0.8614058558493521, 0.8642233764251075, 0.8746876560375446, 0.8733688795305441, 0.8652940172774936, 0.8309765764715895, 0.8491099681948937, 0.8587866902791133, 0.8642870311795919, 0.8764562324181367], "cls_0_precision_orig": [0.9985365013774105, 0.9985078909612626, 0.998542340977435, 0.998571018651363, 0.9985709366391184, 0.9983475057665163, 0.9984449417570437, 0.9984276819785958, 0.9983877538140237, 0.9987026331953686], "cls_1_precision_orig": [0.9451820128479658, 0.9455052563827505, 0.9481274214377959, 0