{"accuracy": [0.9904008480232421, 0.9906212900672734, 0.991239024133761, 0.9910075604805602, 0.9909489761687069, 0.9906954290551264, 0.9917196735525976, 0.9905577470744874, 0.9907749929114492, 0.990163482009094], "macro_f1": [0.9136338581109248, 0.916161159136804, 0.9250827905916255, 0.9211435506139145, 0.9202613674565454, 0.91815705479615, 0.9294672798576358, 0.9172058350336579, 0.9194410189832694, 0.9125361935777223], "macro_precision": [0.988079702678474, 0.9907003286841882, 0.9706713867241921, 0.9812792743786278, 0.9842076124016383, 0.9839834042270506, 0.9771506489505108, 0.9808406613070886, 0.9790559645267911, 0.9803546981492425], "macro_recall": [0.8598760957020233, 0.8622675218869376, 0.8880174786837807, 0.8750871078792226, 0.8720241983888225, 0.8689236546734255, 0.8909522598070242, 0.8692393115173032, 0.8737386813895689, 0.862368903461747], "cls_0_precision": [0.9905186575921145, 0.9906172472301276, 0.9924199944602455, 0.9915329077316147, 0.991308044