{"accuracy": [0.9960108703782193, 0.9964476212325428, 0.9955853440571939, 0.9964124696130822, 0.9953839787677292, 0.9959098816544797, 0.9962678336357491, 0.9956799971319483, 0.9965647714826247, 0.9957449549623703], "macro_f1": [0.943866230473943, 0.9513084160968471, 0.9366472440161615, 0.9501907665540039, 0.9334188791717248, 0.9416458515899103, 0.9478838878053011, 0.9390986471660341, 0.9526022132403379, 0.9393417913805127], "macro_precision": [0.9331639001093199, 0.9320893391241953, 0.9359139735421043, 0.934410750902731, 0.9339358575363583, 0.9377319562761792, 0.933101917462779, 0.9319904519524667, 0.9329191109763317, 0.9363801030108412], "macro_recall": [0.9551340292033114, 0.9723982179716066, 0.9373830851894731, 0.9672129753123034, 0.9329031803917339, 0.9456332597101444, 0.9637563272765388, 0.9464547275224906, 0.9742451672896844, 0.9423456114833926], "cls_0_precision": [0.9984322549037398, 0.9990495269568778, 0.9977836814906471, 0.9988646618730168, 0.9976288000929597, 0.998082960171406, 0.9987453130552715, 0.9981081979307045, 0.9991224634843276, 0.9979592506076695], "cls_1_precision": [0.8678955453149002, 0.8651291512915129, 0.8740442655935614, 0.8699568399324451, 0.870242914979757, 0.8773809523809524, 0.8674585218702866, 0.8658727059742288, 0.8667157584683358, 0.8748009554140127], "cls_0_recall": [0.9975055382127617, 0.9973323017746945, 0.9977219547520534, 0.9974817307377839, 0.9976722735459881, 0.9977526782402525, 0.9974540331663787, 0.997492536006015, 0.9973792234682575, 0.9977083773562908], "cls_1_recall": [0.9127625201938611, 0.9474641341685189, 0.8770442156268928, 0.936944219886823, 0.8681340872374798, 0.8935138411800364, 0.930058621386699, 0.8954169190389663, 0.9511111111111111, 0.8869828456104945], "cls_0_f1": [0.997968681420327, 0.9981901758141013, 0.9977528171666573, 0.9981727173057308, 0.9976505363458759, 0.9979177918773879, 0.998099255466226, 0.9978002719995619, 0.998250082423654, 0.997833798213475