,model,n,method,split,recall_macro,precision_macro,f1_macro,recall_c1,precision_c1,f1_c1
0,256_hidden_dim_6000_vocab_size_1_layer_lstm.pt,150,mix,test,0.8072375655174255,0.8884465098381042,0.8438286185264587,0.9403968453407288,0.984070360660553,0.9617380499839783
1,256_hidden_dim_6000_vocab_size_1_layer_lstm.pt,150,mix,test_ext,0.782401442527771,0.708096444606781,0.7379233241081238,0.8162124752998352,0.8528685569763184,0.83413803