{"accuracy": [0.9536259541984733, 0.957502288873179, 0.9649951711494977, 0.9575297651905611, 0.9576195502151498, 0.9577830611619202, 0.9647672775293654, 0.9578902865614938, 0.9576249565116549, 0.9576240723562152], "macro_f1": [0.5833507456070807, 0.5272866153454412, 0.6456486967680292, 0.4891520845392345, 0.48931224903980475, 0.4912641649447474, 0.6416473299700967, 0.4945505136038386, 0.48931365978058283, 0.48931341036342724], "macro_precision": [0.6629930177354872, 0.7197220565658838, 0.9485938396160509, 0.47876488259528055, 0.9788096522208111, 0.8736376231292724, 0.9517326938829227, 0.9664431610167528, 0.978812355400414, 0.9788119133343769], "macro_recall": [0.5595842879855871, 0.519735524122903, 0.592395043985076