{"accuracy": [0.9746098766514857, 0.9746537006347519, 0.9746699070478291, 0.9746325005017058, 0.9717576690379213, 0.9746550708655497, 0.9747282489795663, 0.9746577355823655, 0.9746124832399784, 0.9746601862798451], "macro_f1": [0.8174576365475629, 0.817591396135017, 0.8177878209711618, 0.8179322769243378, 0.7376525272186475, 0.8179079343494533, 0.818014284641827, 0.8158975484780785, 0.8174559205777153, 0.8175578789632356], "macro_precision": [0.7953952592020208, 0.7953522054675746, 0.7958061074569044, 0.7956719704447105, 0.7960248830706822, 0.7956898575825435, 0.795786299352228, 0.796148642416443, 0.7954560407747728, 0.7954869969203129], "macro_recall": [0.8435193586224452, 0.8438975392953395, 0.8437316260556724, 0.8442639311452392, 0.6996831434546066, 0.844180368855896, 0.8442976675137543, 0.8388061230397899, 0.8434304458543764, 0.8436291492259087], "cls_0_precision": [0.9897275453004823, 0.9897714850866691, 0.9897424534695792, 0.9897676179040583, 0.9799028734859973, 0.989770704706519, 0.9898026872000312, 0.9894139296559528, 0.9897196870925684, 0.9897499642062242], "cls_1_precision": [0.6010629731035594, 0.60093292584848, 0.6018697614442295, 0.6015763229853627, 0.6121468926553673, 0.6016