{"accuracy": [0.9832989405415812, 0.9809689416992706, 0.9831593841837291, 0.9776025898504241, 0.98448045208857, 0.9808546844089545, 0.9803395459084838, 0.97924064956483, 0.9778549874367328, 0.9823447217074766], "macro_f1": [0.5878144306432164, 0.5730592325996272, 0.5884144070910319, 0.5509952472790124, 0.5951006387689329, 0.5716036809459893, 0.56941395015597, 0.5644944679599491, 0.5526751497409376, 0.5832364651360691], "macro_precision": [0.6339943892157827, 0.6358365145248155, 0.6299920537799614, 0.6280293113634546, 0.6317456184249312, 0.6362553938660939, 0.6319624291725082, 0.6240183863535309, 0.6296374723568323, 0.6273480964112207], "macro_recall":