{"accuracy": [0.9646901296272783], "macro_f1": [0.3580607236778673], "macro_precision": [0.4154247779098528], "macro_recall": [0.3317041925921991], "cls_0_precision": [0.9712966348592256], "cls_1_precision": [0.6904024767801857], "cls_2_precision": [0.0], "cls_3_precision": [0.0], "cls_0_recall": [0.992575048063305], "cls_1_recall": [0.3342417223054912], "cls_2_recall": [0.0], "cls_3_recall": [0.0], "cls_0_f1": [0.9818205663971099], "cls_1_f1": [0.4504223283143592], "cls_2_f1": [0.0], "cls_3_f1": [0.0], "accuracy_orig": [0.9971908703285678], "macro_f1_orig": [0.9136240959064614], "macro_precision_orig": [0.9418114509461528], "macro_re