{"accuracy": [0.993759063746706, 0.9930356871848774, 0.9927805141353485, 0.9948429177575155, 0.9934548775537816, 0.9933598787994841, 0.9942181576845633, 0.9930305755395683, 0.9930082133789695, 0.991986827042908], "macro_f1": [0.6209930828750384, 0.6150919475964137, 0.915209245115707, 0.9389437287041393, 0.6154911133327263, 0.9194413991579566, 0.6218542993140995, 0.9204650082555522, 0.9182284570152586, 0.6011132822052269], "macro_precision": [0.6239851056152707, 0.6203681473487085, 0.949646036730112, 0.9818726981718974, 0.6396221903888114, 0.9735982424047724, 0.6425485060617119, 0.940481615982109, 0.9513082505094137, 0.6409562430227026], "macro_recall": [0.6180652156265436, 0.6100160293974718, 0.8858860014317556, 0.9033255276768215, 0.5950361672523226, 0.876830103181225, 0.6038703173931815, 0.9022716769623769, 0.8898656677628636, 0.5707538303132119], "cls_0_precision": [0.9965575200281868, 0.9959974236290026, 0.9945835532808519, 0.9953727683966987, 0.9948800846799478, 0.9941235208373983, 0.9955213082373477, 0.9953766985607462, 0.9947657215088052, 0.9931373112042726], "cls_1_precision": [0.8753977968176254, 0.8651070184171229, 0.9047085201793722, 0.968372627947096, 0.9239864864864865, 0.9530729639721466, 0.9321242099477879, 0.8855865334034718, 0.9078507795100222, 0.9297314178638351], "cls_2_precision": [0.0, 0.0, 0.0, 0.0, 0.0], "cls_0_recall": [0.9970527897367737, 0.996874550320891, 0.9980423767848917, 0.9993643822951578, 0.9984354432718288, 0.9991060357008968, 0.9985716424959395, 0.997496374058982, 0.9980918340875681, 0.9986948562320614], "cls_1_recall": [0.8571428571428571, 0.8331735378715245, 0.7737296260786194, 0.8072866730584851, 0.786673058485139, 0.7545541706615532, 0.8130393096836049, 0.8070469798657718, 0.7816395014381592, 0.7135666347075743], "cls_2_recall": [0.0, 0.0, 0.0, 0.0, 0.0], "cls_0_f1": [0.9968050933629137, 0.9964357939491921, 0.996309963099631, 0.9973645815912853, 0.9966545932348441, 0.9966085508242746, 0.9970441423412233, 0.996435409036813, 0.9964260021294351, 0.995908330477899], "cls_1_f1": [0.8661741552622018, 0.8488400488400488, 0.834108527131783, 0.8805228758169935, 0.849818746763335, 0.8422742474916388, 0.8685187556010754, 0.8444946074742914, 0.8400309119010819, 0.8074315161377814], "cls_2_f1": [0.0, 0.0, 