{"accuracy": [0.9870417681658844, 0.9863104795226342, 0.9874791219279409, 0.9874884319075034, 0.9869202331949263, 0.9872087519696126, 0.9865558410155659, 0.9875458576960136, 0.9870678831505817, 0.9871072052883726], "macro_f1": [0.8091067500777624, 0.802576233288288, 0.8196228752344372, 0.8237184369098374, 0.8141758322974448, 0.8163321127866271, 0.8035238532235518, 0.8247602932296859, 0.8162474557541619, 0.8139241575291989], "macro_precision": [0.973340442747102, 0.9484592204003883, 0.9688814397985123, 0.9601967776422703, 0.9539077969795025, 0.9656756589969109, 0.9707803923820566, 0.9574857927528606, 0.9536344982746807, 0.9616794389772345], "macro_recall": [0.7313984539006917, 0.7300725861882742, 0.7441928441544099, 0.7512885558446795, 0.7418987108427895, 0.7412838325406949, 0.7259426266603319, 0.7532942289789956, 0.7443706709482594, 0.7395599298474576], "cls_0_precision": [0.987357060877194, 0.9872312561388191, 0.9879367494430256, 0.9881982020365557, 0.9877574544241211, 0.9877385435427241, 0.986917156254394, 0.9883360714870296, 0.987921901014076, 0.9877301354394991], "cls_1_precision": [0.95932382461701, 0.9096871846619576, 0.949826130153999, 0.9321953532479849, 0.9200581395348837, 0.9436127744510978, 0.9546436285097192, 0.9266355140186916, 0.9193470955352856, 0.9356287425149701], "cls_0_recall": [0.9995316016789343, 0.9989018876489967, 0.9993831307640628, 0.9991200054153513, 0.9989876182645936, 0.9993067399599995, 0.999479930905106, 0.9990379076636476, 0.9989715209246517, 0.9992120020035918], "cls_1_recall": [0.463265306122449, 0.4612432847275518, 0.489002557544757, 0.5034571062740076, 0.48480980342098545, 0.48326092512139024, 0.4524053224155578, 0.5075505502943435, 0.489769820971867, 0.47990785769132327], "cls_0_f1": [0.9934070318947301, 0.9930322832460717, 0.9936269761990788, 0.9936290919773071, 0.9933407968470214, 0.9934889678412955, 0.9931588175582147, 0.9936581753464233, 0.9934159860953419, 0.9934378938098781], "cls_1_f1": [0.6248064682607948, 0.6121201833305041, 0.6456187742697957, 0.6538077818423678, 0.6350108677478683, 0.6391752577319587, 0.6138888888888889, 0.6558624111129485, 0.6390789254129818, 0.6344104212485198], "accuracy_orig": [0.9760109243931667, 0.9745227545077056, 0.9758548616336427, 0.9752529052754786, 0